subject,score,t
30,0.001000130153783269,-0.3
30,0.0011084513349104484,-0.2
30,0.004036792645497272,-0.1
30,0.006272918771458048,0.0
30,0.008197832827674152,0.1
30,0.010192651739845031,0.2
30,0.006781069787969486,0.3
30,0.010385009424267271,0.4
30,0.012506244239792656,0.5
30,0.015055760003103177,0.6
30,0.00666517817449883,0.7
30,0.009479698657915914,0.8
30,0.007541403845118884,0.9
30,0.005035273440867435,1.0
