subject,score,t
4,0.030532095940370037,-0.3
4,0.034594039018236926,-0.2
4,0.06216384940176578,-0.1
4,0.0524721320239555,0.0
4,0.05831038957884794,0.1
4,0.09737079370042577,0.2
4,0.10747875570890046,0.3
4,0.08977999755998868,0.4
4,0.09243815707752996,0.5
4,0.07274189515523513,0.6
4,0.07587352040028442,0.7
4,0.06086293684935751,0.8
4,0.04864048455405023,0.9
4,0.05620281453425935,1.0
