subject,score,t
15,-0.0031832116743263036,-0.3
15,-0.0009307292542181483,-0.2
15,0.0006567334568692722,-0.1
15,-0.0017958082692047866,0.0
15,0.01757889275172935,0.1
15,0.017683119308679707,0.2
15,0.013004107984953217,0.3
15,0.02363127907093118,0.4
15,0.027507022209327842,0.5
15,0.038065742814976704,0.6
15,0.037442761935313304,0.7
15,0.011663230676883131,0.8
15,0.012320506742123169,0.9
15,0.01923311365504724,1.0
