subject,score,t
6,0.005230852286756568,-0.3
6,-0.006685843388740302,-0.2
6,0.01302416991267044,-0.1
6,0.021015611020788274,0.0
6,0.007973197334107838,0.1
6,0.04490466749278942,0.2
6,0.02654044887469881,0.3
6,0.05263053912510703,0.4
6,0.03837354725909981,0.5
6,0.04450290963138914,0.6
6,0.05148343420827183,0.7
6,0.04455701317506084,0.8
6,0.02619096494609025,0.9
6,0.04527559727377639,1.0
