subject,score,t
17,0.002624325907923591,-0.3
17,0.005538416775668458,-0.2
17,0.007770006891588383,-0.1
17,-0.0005681443360915232,0.0
17,0.007979329417027685,0.1
17,0.013887402476129298,0.2
17,0.02033606448121329,0.3
17,-0.0010780269697395256,0.4
17,-0.0023339400624771203,0.5
17,0.007414954414354396,0.6
17,-0.009135038150861082,0.7
17,0.0015210434040300853,0.8
17,0.017216611462770006,0.9
17,-0.001678679507539906,1.0
