subject,score,t
14,0.03916930217834729,-0.3
14,0.0230902621411001,-0.2
14,0.05019777384695697,-0.1
14,0.038283598907469976,0.0
14,0.1026511254201521,0.1
14,0.09403650755450653,0.2
14,0.08489626732907206,0.3
14,0.09042377179747808,0.4
14,0.09264680256966816,0.5
14,0.06635392099838207,0.6
14,0.06929919476610898,0.7
14,0.07036738986355674,0.8
14,0.06417055188453262,0.9
14,0.05102259332235725,1.0
