subject,score,t
22,0.034993677028160794,-0.3
22,0.021667681666412753,-0.2
22,0.04263429841002873,-0.1
22,0.04168316891862251,0.0
22,0.0722088846237069,0.1
22,0.09873958260000383,0.2
22,0.09805211981948912,0.3
22,0.09049615933434628,0.4
22,0.11188837855963184,0.5
22,0.06749816013198244,0.6
22,0.054831253675074874,0.7
22,0.05554146776938074,0.8
22,0.06237839771100765,0.9
22,0.04574708541936829,1.0
