subject,run,offset,stretch
22,1,6009.95,1.001511982211974
22,2,12431.89,1.0008788086913087
22,3,13094.94,1.0018594684767603
22,4,6768.93,1.0013697521169633
22,5,8824.92,1.0003864229765014
22,6,10078.87,1.0014632899815745
22,7,14426.88,1.002094369462742
22,8,5860.9,1.0016354734539394
22,9,6366.6,1.0010105914843253
24,1,6288.95,1.0018990364819238
