subject,run,offset,stretch
1,1,5157,0.9999934118422136
1,2,4633,0.9999812687312688
1,3,5127,0.9999813046479521
