subject,score,t
4,0.029509679948846564,-0.3
4,0.03240470591078331,-0.2
4,0.05888675466430359,-0.1
4,0.05179830390784009,0.0
4,0.059321220875568424,0.1
4,0.09446974928081307,0.2
4,0.10518119762497487,0.3
4,0.08881708512208943,0.4
4,0.08927204533545165,0.5
4,0.07277301562985404,0.6
4,0.07368983227718258,0.7
4,0.06213575957657335,0.8
4,0.046332557541091175,0.9
4,0.05229255347987694,1.0
