subject,score,t
19,0.009391871673665588,-0.3
19,0.030334925741778523,-0.2
19,0.01467551862417609,-0.1
19,0.0025661754370407547,0.0
19,0.033667790027947286,0.1
19,0.07183520040579872,0.2
19,0.06566076806863083,0.3
19,0.08471852301547135,0.4
19,0.0868258156382442,0.5
19,0.05766948152050088,0.6
19,0.0448507189618989,0.7
19,-0.0016388648138914083,0.8
19,0.04893095237374038,0.9
19,0.015524299156035445,1.0
