subject,score,t
13,0.006065793808964998,-0.3
13,0.00048800638408996386,-0.2
13,0.0074490188484715855,-0.1
13,-0.0024428947274122313,0.0
13,0.02152518636104173,0.1
13,0.030210363335905693,0.2
13,0.025251254599945146,0.3
13,0.04039828250763213,0.4
13,0.03363166446718334,0.5
13,0.06803737842604991,0.6
13,0.05114691666816772,0.7
13,0.04328600485483094,0.8
13,0.06178806017751712,0.9
13,0.0477418852085987,1.0
