subject,score,t
7,0.01117024983366609,-0.3
7,0.005850595382231927,-0.2
7,0.023736762495563984,-0.1
7,0.028326694455194697,0.0
7,0.015405626227563559,0.1
7,0.0024958883986336495,0.2
7,0.012765135376117202,0.3
7,0.05828646146824556,0.4
7,0.06647945300154293,0.5
7,0.05708769671754879,0.6
7,0.0495274673135224,0.7
7,0.05110153570538067,0.8
7,0.025186661596843466,0.9
7,0.04265411754150316,1.0
