subject,score,t
8,0.0154021326648452,-0.3
8,0.00034470023621318565,-0.2
8,0.030527166146309497,-0.1
8,0.01678798586697134,0.0
8,0.01240424413032964,0.1
8,0.038041924562398174,0.2
8,0.00442191083394443,0.3
8,0.0421088972717304,0.4
8,0.03247067801910274,0.5
8,0.03331388240165113,0.6
8,0.03454395534329844,0.7
8,0.010799137125200031,0.8
8,0.023043512253748354,0.9
8,0.024445421554570534,1.0
