subject,score,t
14,0.025511676190342895,-0.3
14,0.006121781160877907,-0.2
14,0.006601202912188021,-0.1
14,0.005370157547367083,0.0
14,0.03281589796253531,0.1
14,0.0181807484774251,0.2
14,0.021086180379959685,0.3
14,0.02254838766231525,0.4
14,0.04115342635143921,0.5
14,0.04365790584852241,0.6
14,0.043129549129514166,0.7
14,0.06147143350063044,0.8
14,0.04873061901361342,0.9
14,0.03384432226097594,1.0
