subject,score,t
15,-0.003662783882361714,-0.3
15,0.01886029646530873,-0.2
15,0.03508105522587424,-0.1
15,-0.0003929947406186452,0.0
15,0.0686109923611811,0.1
15,0.04092724535120424,0.2
15,0.04419203067608086,0.3
15,0.04415283882703031,0.4
15,0.03522867154239728,0.5
15,0.05810894248887458,0.6
15,0.031113213821042023,0.7
15,0.00657434413767792,0.8
15,0.03365029614972291,0.9
15,0.028918967495427102,1.0
