subject,score,t
26,[-0.022528],-0.3
26,[0.08771021],-0.2
26,[0.09748211],-0.1
26,[0.08138724],0.0
26,[0.53185994],0.1
26,[0.21552418],0.2
26,[0.44624971],0.3
26,[0.2740555],0.4
26,[0.32511402],0.5
26,[0.20329717],0.6
26,[0.02078462],0.7
26,[0.05941967],0.8
26,[0.02164554],0.9
26,[0.04618061],1.0
