subject,score,t
10,0.045808381720334586,-0.3
10,0.053736650784641106,-0.2
10,0.08687939722097461,-0.1
10,0.05772560641600513,0.0
10,0.06293815649123032,0.1
10,0.13925851123879313,0.2
10,0.12231521547251957,0.3
10,0.11675808134110206,0.4
10,0.1331018119086397,0.5
10,0.0990352083118476,0.6
10,0.08977347309474591,0.7
10,0.07279592312786375,0.8
10,0.09708226656152681,0.9
10,0.0634118220107324,1.0
