subject,score,t
11,0.018955748551724737,-0.3
11,-0.011858421799051973,-0.2
11,0.0027796225060862417,-0.1
11,-0.005906600854852186,0.0
11,0.009060265184707957,0.1
11,0.00625527962121472,0.2
11,0.0034076716845221878,0.3
11,0.023150610965312148,0.4
11,0.024509914326026613,0.5
11,0.040569281646635806,0.6
11,0.028130243503989738,0.7
11,0.03732303942835929,0.8
11,0.02776749741881313,0.9
11,0.04426022741204149,1.0
