subject,score,t
5,0.031567044048494204,-0.3
5,0.012529701999524493,-0.2
5,0.03669159954368041,-0.1
5,0.033245926957239096,0.0
5,0.03241812489423806,0.1
5,0.07734505916738565,0.2
5,0.06423835924387501,0.3
5,0.07395333639931742,0.4
5,0.05946765014918634,0.5
5,0.05659838866921637,0.6
5,0.04181567268205532,0.7
5,0.026020042685370778,0.8
5,0.035892825549658496,0.9
5,0.039094676036641345,1.0
