subject,score,t
10,0.018147562317983472,-0.3
10,0.01383535529076471,-0.2
10,0.01755653100314766,-0.1
10,0.021363385930774585,0.0
10,0.026796300651802215,0.1
10,0.047709201982440996,0.2
10,0.03531362874109533,0.3
10,0.04387608058424187,0.4
10,0.05312364312134766,0.5
10,0.04743303202401388,0.6
10,0.07354852913415243,0.7
10,0.06255956632624768,0.8
10,0.07972427990310783,0.9
10,0.0425020534940763,1.0
