subject,score,t
21,0.03885240177567146,-0.3
21,0.04010515289225257,-0.2
21,0.06164691151017653,-0.1
21,0.0460284983574507,0.0
21,0.10576706932251766,0.1
21,0.07478086278533734,0.2
21,0.07658415362119407,0.3
21,0.11885663679213841,0.4
21,0.12443837901368025,0.5
21,0.09864505349762721,0.6
21,0.08828209514788508,0.7
21,0.06378250473069336,0.8
21,0.038536426407813636,0.9
21,0.05103723716495434,1.0
