subject,score,t
7,0.035037831767164705,-0.3
7,0.044176492983972034,-0.2
7,0.05893946338576194,-0.1
7,0.06437737812233033,0.0
7,0.06951890712250154,0.1
7,0.09745223141565086,0.2
7,0.11284221428124731,0.3
7,0.12451951286751754,0.4
7,0.1259911081530259,0.5
7,0.1127290162082572,0.6
7,0.07645357536684314,0.7
7,0.07236593542851676,0.8
7,0.05662180531337557,0.9
7,0.05512493451059607,1.0
