subject,score,t
19,0.0026012712548762707,-0.3
19,-0.0008520994052407631,-0.2
19,0.01273983252275823,-0.1
19,0.006892660857121309,0.0
19,0.004771338488779029,0.1
19,0.011486072691554489,0.2
19,0.019987731462242832,0.3
19,0.017511125070202912,0.4
19,0.04378124653416899,0.5
19,0.036607844882449884,0.6
19,0.029853617442902217,0.7
19,0.026007128170324186,0.8
19,0.030435358307831898,0.9
19,0.02704967872661605,1.0
