subject,score,t
12,0.004261603862309904,-0.3
12,0.0017023196201667787,-0.2
12,-0.002462764207474746,-0.1
12,0.016215474565506614,0.0
12,-0.0021980444255634067,0.1
12,0.020913987880841176,0.2
12,0.029109939588029838,0.3
12,0.022679894259068568,0.4
12,0.014574806812401234,0.5
12,0.041573328186508836,0.6
12,0.03224643653753211,0.7
12,0.049650605048711945,0.8
12,0.025912585118766433,0.9
12,0.053505449038541375,1.0
