subject,score,t
3,-0.0067896929326460844,-0.3
3,-0.011265365245866176,-0.2
3,-0.009348459827280524,-0.1
3,0.011645932307196334,0.0
3,0.004319622923636701,0.1
3,0.02218167303643182,0.2
3,0.01617100792668336,0.3
3,0.03236989410828648,0.4
3,0.04527610926648711,0.5
3,0.04301997430860959,0.6
3,0.04307300286317008,0.7
3,0.027331433371176553,0.8
3,0.025902604461114403,0.9
3,0.021913923604304105,1.0
