subject,score,t
15,[-0.00677391],-0.3
15,[0.0381899],-0.2
15,[-0.01827867],-0.1
15,[-0.03312033],0.0
15,[0.33895662],0.1
15,[0.17005185],0.2
15,[0.27110428],0.3
15,[0.21270665],0.4
15,[0.21175273],0.5
15,[0.1124351],0.6
15,[0.11700264],0.7
15,[-0.00652027],0.8
15,[0.04259729],0.9
15,[0.04791556],1.0
